time,dice,epoch,samples_read
1718648939.6185205,-0.3933701515197754,0,1
1718648940.0532038,-0.471524715423584,0,2
1718648941.5061107,-0.32126379013061523,0,3
