time,dice,epoch,samples_read
1719341391.4964578,-16.803342819213867,0,1
1719341394.7386546,-16.77566909790039,0,2
