time,dice,epoch,samples_read
1718321299.4961886,-0.2566030025482178,0,1
