time,dice,epoch,samples_read
1719346914.3510635,-16.798128128051758,0,1
1719346916.2981927,-16.761371612548828,0,2
