time,dice,epoch,samples_read
1719349097.632756,-16.809127807617188,0,1
1719349099.7411177,-16.70726203918457,0,2
