time,dice,epoch,samples_read
1719328325.7713318,-16.784706115722656,0,1
