time,dice,epoch,samples_read
1718725514.0624232,-0.27127718925476074,0,1
1718725514.5338109,-0.17978060245513916,0,2
