time,dice,epoch,samples_read
1719348199.8913035,-16.7705135345459,0,1
