time,dice,epoch,samples_read
1718321561.8713465,-0.37687528133392334,0,1
