time,dice,epoch,samples_read
1719328608.2527053,-16.785858154296875,0,1
