step,learning rate,loss,macro_dice
1,0.0014632870748755521,7.438264846801758,0.02274429379031062
