time,dice,epoch,samples_read
1719341342.0717742,-16.85926055908203,0,1
