time,dice,epoch,samples_read
1719338186.7036624,-16.767892837524414,0,1
