time,dice,epoch,samples_read
1719338116.320673,-16.848546981811523,0,1
