time,dice,epoch,samples_read
1719347170.5903313,-16.816059112548828,0,1
1719347172.589571,-16.73370933532715,0,2
