time,dice,epoch,samples_read
1719327019.1655064,-16.796489715576172,0,1
