step,learning rate,loss,macro_dice
1,0.002836291130365476,7.433838844299316,0.025389091484248644
