time,dice,epoch,samples_read
1719346801.5759406,-16.80416488647461,0,1
1719346803.6731443,-16.778377532958984,0,2
